date,name,printed_name,name_formatted,edition_code,edition_pt,url,prices,prices_mean
2025-05-01,Absolute Grace,Graça Absoluta,absolute+grace,USG,A Saga de Urza,https://www.ligamagic.com.br/?view=cards/card&card=absolute+grace,[2.5  2.5  2.5  3.   3.   3.9  3.99 3.99],3.1725000000000003
2025-05-01,Absolute Law,Lei Absoluta,absolute+law,USG,A Saga de Urza,https://www.ligamagic.com.br/?view=cards/card&card=absolute+law,[1.94 2.   2.24 2.99 3.5  3.66 3.9  3.98],3.02625
2025-05-01,Abundance,Abundância,abundance,USG,A Saga de Urza,https://www.ligamagic.com.br/?view=cards/card&card=abundance,[ 6.05  6.65  7.5   7.5   9.5   9.9  10.49 14.  ],8.94875
2025-05-01,Abyssal Horror,Horror Abissal,abyssal+horror,USG,A Saga de Urza,https://www.ligamagic.com.br/?view=cards/card&card=abyssal+horror,[0.46 0.49 0.5  0.5  0.52 0.63 0.68 0.7 ],0.5599999999999999
2025-05-01,Academy Researchers,Pesquisadores da Academia,academy+researchers,USG,A Saga de Urza,https://www.ligamagic.com.br/?view=cards/card&card=academy+researchers,[0.27 0.3  0.3  0.3  0.52 0.36 0.42 0.43],0.3625
2025-05-01,Acidic Soil,Solo Ácido,acidic+soil,USG,A Saga de Urza,https://www.ligamagic.com.br/?view=cards/card&card=acidic+soil,[5.68 6.51 6.81 7.43 7.43 7.57 7.74 7.75],7.115
2025-05-01,Acridian,Acrídio,acridian,USG,A Saga de Urza,https://www.ligamagic.com.br/?view=cards/card&card=acridian,[0.07 0.09 0.09 0.09 0.1  0.1  0.1  0.1 ],0.0925
2025-05-01,Albino Troll,Trol Albino,albino+troll,USG,A Saga de Urza,https://www.ligamagic.com.br/?view=cards/card&card=albino+troll,[0.23 0.25 0.25 0.45 0.5  0.6  0.67 0.68],0.45375
2025-05-01,Anaconda,Anaconda,anaconda,USG,A Saga de Urza,https://www.ligamagic.com.br/?view=cards/card&card=anaconda,[0.04 0.09 0.09 0.09 0.1  0.14 0.14 0.14],0.10375
2025-05-01,Angelic Chorus,Coro Angelical,angelic+chorus,USG,A Saga de Urza,https://www.ligamagic.com.br/?view=cards/card&card=angelic+chorus,[ 9.3   9.93 10.5  11.5  12.09 12.74 14.9  15.  ],11.995
2025-05-01,Angelic Page,Pajem Angelical,angelic+page,USG,A Saga de Urza,https://www.ligamagic.com.br/?view=cards/card&card=angelic+page,[0.09 0.09 0.1  0.11 0.12 0.13 0.15 0.16],0.11875
2025-05-01,Annul,Anular,annul,USG,A Saga de Urza,https://www.ligamagic.com.br/?view=cards/card&card=annul,[14.36 14.5  14.9  14.9  14.99 16.   16.   16.39],15.255
2025-05-01,Antagonism,Antagonismo,antagonism,USG,A Saga de Urza,https://www.ligamagic.com.br/?view=cards/card&card=antagonism,[  0.35   0.44   0.5    0.75   0.75   0.85   0.99 125.  ],16.20375
2025-05-01,Arcane Laboratory,Laboratório Arcano,arcane+laboratory,USG,A Saga de Urza,https://www.ligamagic.com.br/?view=cards/card&card=arcane+laboratory,[10.   10.45 10.7  11.   11.13 11.2  11.2  11.99],10.958749999999998
2025-05-01,Arc Lightning,Raio Voltaico,arc+lightning,USG,A Saga de Urza,https://www.ligamagic.com.br/?view=cards/card&card=arc+lightning,[0.08 0.08 0.09 0.09 0.09 0.1  0.1  0.11],0.0925
2025-05-01,Argothian Elder,Ancião Argothiano,argothian+elder,USG,A Saga de Urza,https://www.ligamagic.com.br/?view=cards/card&card=argothian+elder,[4.95 4.95 4.99 5.36 5.59 5.75 6.53 7.85],5.74625
2025-05-01,Argothian Enchantress,Encantadora Argothiana,argothian+enchantress,USG,A Saga de Urza,https://www.ligamagic.com.br/?view=cards/card&card=argothian+enchantress,[139.95 158.99 158.99 159.95 161.99 169.74 169.75 170.98],161.29250000000002
2025-05-01,Argothian Swine,Suínos Argothianos,argothian+swine,USG,A Saga de Urza,https://www.ligamagic.com.br/?view=cards/card&card=argothian+swine,[0.03 0.05 0.07 0.09 0.09 0.09 0.09 0.09],0.075
2025-05-01,Argothian Wurm,Vorme Argothiano,argothian+wurm,USG,A Saga de Urza,https://www.ligamagic.com.br/?view=cards/card&card=argothian+wurm,[ 8.5   8.94  8.99  9.6   9.9   9.95 10.34 10.84],9.6325
2025-05-01,Attunement,Harmonização,attunement,USG,A Saga de Urza,https://www.ligamagic.com.br/?view=cards/card&card=attunement,[19.   22.   24.72 24.9  25.1  25.16 26.12 26.94],24.2425
2025-05-01,Back to Basics,Retorno ao Básico,back+to+basics,USG,A Saga de Urza,https://www.ligamagic.com.br/?view=cards/card&card=back+to+basics,[84.99 89.29 89.99 92.95 93.75 94.95 95.   96.67],92.19875
2025-05-01,"Barrin, Master Wizard","Barrin, Mago Mestre","barrin,+master+wizard",USG,A Saga de Urza,"https://www.ligamagic.com.br/?view=cards/card&card=barrin,+master+wizard",[35.1  37.   45.89 46.5  49.95 52.   52.25 52.25],46.3675
2025-05-01,Barrin's Codex,Codex de Barrin,barrin's+codex,USG,A Saga de Urza,https://www.ligamagic.com.br/?view=cards/card&card=barrin's+codex,[0.1  0.3  0.35 0.5  0.5  0.5  0.53 0.53],0.41375
2025-05-01,Bedlam,Tumultuar,bedlam,USG,A Saga de Urza,https://www.ligamagic.com.br/?view=cards/card&card=bedlam,[13.   13.   13.22 14.5  15.   16.   16.   17.99],14.83875
2025-05-01,Befoul,Conspurcar,befoul,USG,A Saga de Urza,https://www.ligamagic.com.br/?view=cards/card&card=befoul,[0.09 0.1  0.11 0.13 0.2  0.23 0.24 0.25],0.16875
2025-05-01,Bereavement,Privação,bereavement,USG,A Saga de Urza,https://www.ligamagic.com.br/?view=cards/card&card=bereavement,[0.18 0.19 0.24 0.25 0.26 0.35 0.35 0.35],0.27125
2025-05-01,Blanchwood Armor,Armadura de Blanchwood,blanchwood+armor,USG,A Saga de Urza,https://www.ligamagic.com.br/?view=cards/card&card=blanchwood+armor,[0.25 0.3  0.48 0.49 0.55 0.7  0.7  0.75],0.5275000000000001
2025-05-01,Blanchwood Treefolk,Ents de Blanchwood,blanchwood+treefolk,USG,A Saga de Urza,https://www.ligamagic.com.br/?view=cards/card&card=blanchwood+treefolk,[0.05 0.08 0.09 0.09 0.09 0.09 0.09 0.1 ],0.0849999999999999
2025-05-01,Blasted Landscape,Paisagem Devastada,blasted+landscape,USG,A Saga de Urza,https://www.ligamagic.com.br/?view=cards/card&card=blasted+landscape,[5.25 5.69 5.7  5.8  6.   7.   3.39 8.99],5.977500000000001
2025-05-01,Blood Vassal,Vassalo de Sangue,blood+vassal,USG,A Saga de Urza,https://www.ligamagic.com.br/?view=cards/card&card=blood+vassal,[0.05 0.14 0.14 0.14 0.14 0.15 0.18 0.18],0.14
2025-05-01,Bog Raiders,Salteadores do Pântano,bog+raiders,USG,A Saga de Urza,https://www.ligamagic.com.br/?view=cards/card&card=bog+raiders,[0.08 0.09 0.09 0.09 0.09 0.09 0.11 0.11],0.09375
2025-05-01,Brand,Marca,brand,USG,A Saga de Urza,https://www.ligamagic.com.br/?view=cards/card&card=brand,[7.   7.19 7.6  7.6  7.7  7.91 7.99 7.99],7.6225
2025-05-01,Bravado,Bravata,bravado,USG,A Saga de Urza,https://www.ligamagic.com.br/?view=cards/card&card=bravado,[0.3  0.4  0.4  0.4  0.44 0.44 0.5  0.5 ],0.4225
2025-05-01,Breach,Brecha,breach,USG,A Saga de Urza,https://www.ligamagic.com.br/?view=cards/card&card=breach,[0.05 0.09 0.09 0.09 0.1  0.1  0.1  0.11],0.09125
2025-05-01,Brilliant Halo,Halo Brilhante,brilliant+halo,USG,A Saga de Urza,https://www.ligamagic.com.br/?view=cards/card&card=brilliant+halo,[0.09 0.09 0.11 0.11 0.14 0.14 0.15 0.15],0.1225
2025-05-01,Bull Hippo,Hipopótamo Macho,bull+hippo,USG,A Saga de Urza,https://www.ligamagic.com.br/?view=cards/card&card=bull+hippo,[0.09 0.16 0.16 0.18 0.18 0.18 0.19 0.2 ],0.1674999999999999
2025-05-01,Bulwark,Baluarte,bulwark,USG,A Saga de Urza,https://www.ligamagic.com.br/?view=cards/card&card=bulwark,[  0.48   0.81   0.85   0.9    0.99   1.02 139.     1.39],18.18
2025-05-01,Cackling Fiend,Demônio Gargalhante,cackling+fiend,USG,A Saga de Urza,https://www.ligamagic.com.br/?view=cards/card&card=cackling+fiend,[0.09 0.09 0.09 0.09 0.11 0.13 0.13 0.14],0.10875
2025-05-01,Carpet of Flowers,Tapete de Flores,carpet+of+flowers,USG,A Saga de Urza,https://www.ligamagic.com.br/?view=cards/card&card=carpet+of+flowers,[32.5  34.94 40.   41.93 41.93 45.99 47.   49.  ],41.66125
2025-05-01,Carrion Beetles,Besouros Carrieiros,carrion+beetles,USG,A Saga de Urza,https://www.ligamagic.com.br/?view=cards/card&card=carrion+beetles,[0.09 0.09 0.09 0.1  0.13 0.15 0.15 0.18],0.1225
2025-05-01,Catalog,Catalogar,catalog,USG,A Saga de Urza,https://www.ligamagic.com.br/?view=cards/card&card=catalog,[0.08 0.08 0.09 0.09 0.09 0.1  0.11 0.11],0.09375
2025-05-01,Catastrophe,Catáastrofe,catastrophe,USG,A Saga de Urza,https://www.ligamagic.com.br/?view=cards/card&card=catastrophe,[13.   14.96 16.72 17.5  13.   13.   19.   19.95],15.89125
2025-05-01,Cathodion,Catódio,cathodion,USG,A Saga de Urza,https://www.ligamagic.com.br/?view=cards/card&card=cathodion,[0.14 0.18 0.25 0.35 0.49 0.5  0.5  0.5 ],0.36375
2025-05-01,Cave Tiger,Tigre da Caverna,cave+tiger,USG,A Saga de Urza,https://www.ligamagic.com.br/?view=cards/card&card=cave+tiger,[0.05 0.08 0.08 0.09 0.09 0.09 0.09 0.11],0.0849999999999999
2025-05-01,Child of Gaea,Filho de Géia,child+of+gaea,USG,A Saga de Urza,https://www.ligamagic.com.br/?view=cards/card&card=child+of+gaea,[  1.     1.     1.25 149.   149.     1.94   1.99   2.03],38.401250000000005
2025-05-01,Chimeric Staff,Bastão Quimérico,chimeric+staff,USG,A Saga de Urza,https://www.ligamagic.com.br/?view=cards/card&card=chimeric+staff,[0.23 0.25 0.65 0.7  0.3  0.9  0.99 0.99],0.62625
2025-05-01,Citanul Centaurs,Centauros de Citanul,citanul+centaurs,USG,A Saga de Urza,https://www.ligamagic.com.br/?view=cards/card&card=citanul+centaurs,[3.   3.   3.03 3.49 3.53 3.75 3.75 3.96],3.43875
2025-05-01,Citanul Flute,Flauta de Citanul,citanul+flute,USG,A Saga de Urza,https://www.ligamagic.com.br/?view=cards/card&card=citanul+flute,[ 9.54  9.78 11.7  11.89 11.95 13.59 13.72 14.5 ],12.083749999999998
2025-05-01,Citanul Hierophants,Hierofantes de Citanul,citanul+hierophants,USG,A Saga de Urza,https://www.ligamagic.com.br/?view=cards/card&card=citanul+hierophants,[5.94 7.75 8.   8.   8.   3.75 8.77 9.58],7.473750000000001
2025-05-01,Claws of Gix,Garras de Gix,claws+of+gix,USG,A Saga de Urza,https://www.ligamagic.com.br/?view=cards/card&card=claws+of+gix,[1.35 1.6  1.6  1.79 2.55 2.9  2.97 3.  ],2.22
2025-05-01,Clear,Clarear,clear,USG,A Saga de Urza,https://www.ligamagic.com.br/?view=cards/card&card=clear,[0.3  0.5  0.5  0.96 1.   1.44 2.   2.1 ],1.1
2025-05-01,Cloak of Mists,Manto de Névoas,cloak+of+mists,USG,A Saga de Urza,https://www.ligamagic.com.br/?view=cards/card&card=cloak+of+mists,[0.08 0.09 0.2  0.2  0.2  0.2  0.23 0.25],0.18125
2025-05-01,Confiscate,Confiscar,confiscate,USG,A Saga de Urza,https://www.ligamagic.com.br/?view=cards/card&card=confiscate,[0.14 0.14 0.18 0.24 0.24 0.25 0.27 0.29],0.21875
2025-05-01,Congregate,Congregar,congregate,USG,A Saga de Urza,https://www.ligamagic.com.br/?view=cards/card&card=congregate,[0.09 0.09 0.09 0.09 0.1  0.1  0.1  0.11],0.09625
2025-05-01,Contamination,Contaminação,contamination,USG,A Saga de Urza,https://www.ligamagic.com.br/?view=cards/card&card=contamination,[74.   79.   79.99 84.9  84.99 83.   89.81 92.1 ],83.47375
2025-05-01,Copper Gnomes,Gnomos de Cobre,copper+gnomes,USG,A Saga de Urza,https://www.ligamagic.com.br/?view=cards/card&card=copper+gnomes,[3.92 4.   4.   4.   4.05 4.25 4.28 4.56],4.1325
2025-05-01,Coral Merfolk,Tritões dos Corais,coral+merfolk,USG,A Saga de Urza,https://www.ligamagic.com.br/?view=cards/card&card=coral+merfolk,[0.06 0.08 0.09 0.09 0.09 0.1  0.1  0.1 ],0.08875
2025-05-01,Corrupt,Corromper,corrupt,USG,A Saga de Urza,https://www.ligamagic.com.br/?view=cards/card&card=corrupt,[0.2  0.25 0.25 0.35 0.35 0.4  0.4  0.44],0.33
2025-05-01,Cradle Guard,Guarda do Berço,cradle+guard,USG,A Saga de Urza,https://www.ligamagic.com.br/?view=cards/card&card=cradle+guard,[0.11 0.15 0.15 0.18 0.18 0.19 0.23 0.23],0.1775
2025-05-01,Crater Hellion,Demo da Cratera,crater+hellion,USG,A Saga de Urza,https://www.ligamagic.com.br/?view=cards/card&card=crater+hellion,[  0.24   0.25   0.39   0.94 125.     1.75   1.75   1.93],16.53125
2025-05-01,Crazed Skirge,Eskirge Enlouquecido,crazed+skirge,USG,A Saga de Urza,https://www.ligamagic.com.br/?view=cards/card&card=crazed+skirge,[0.11 0.2  0.24 0.24 0.24 0.26 0.26 0.3 ],0.23125
2025-05-01,Crosswinds,Ventos Cruzados,crosswinds,USG,A Saga de Urza,https://www.ligamagic.com.br/?view=cards/card&card=crosswinds,[0.18 0.23 0.23 0.23 0.23 0.24 0.25 0.25],0.23
2025-05-01,Crystal Chimes,Sineta de Cristal,crystal+chimes,USG,A Saga de Urza,https://www.ligamagic.com.br/?view=cards/card&card=crystal+chimes,[2.18 3.13 3.6  3.75 3.83 3.9  3.97 4.  ],3.545
2025-05-01,Curfew,Toque de Recolher,curfew,USG,A Saga de Urza,https://www.ligamagic.com.br/?view=cards/card&card=curfew,[4.5  4.5  4.75 5.67 5.7  5.7  5.9  5.91],5.32875
2025-05-01,Darkest Hour,Hora da Escuridão,darkest+hour,USG,A Saga de Urza,https://www.ligamagic.com.br/?view=cards/card&card=darkest+hour,[10.8  11.9  12.   12.83 13.27 13.49 13.69 13.75],12.71625
2025-05-01,Dark Hatchling,Cria das Trevas,dark+hatchling,USG,A Saga de Urza,https://www.ligamagic.com.br/?view=cards/card&card=dark+hatchling,[0.5  0.52 0.75 0.75 0.79 0.95 0.95 1.  ],0.77625
2025-05-01,Dark Ritual,Ritual Sombrio,dark+ritual,USG,A Saga de Urza,https://www.ligamagic.com.br/?view=cards/card&card=dark+ritual,[ 9.25  9.34  9.75 10.62 10.7  11.   11.99 12.  ],10.58125
2025-05-01,Defensive Formation,Formação Defensiva,defensive+formation,USG,A Saga de Urza,https://www.ligamagic.com.br/?view=cards/card&card=defensive+formation,[0.23 0.45 0.5  0.5  0.5  0.5  0.5  0.5 ],0.46
2025-05-01,Despondency,Desalento,despondency,USG,A Saga de Urza,https://www.ligamagic.com.br/?view=cards/card&card=despondency,[0.04 0.08 0.08 0.08 0.09 0.09 0.09 0.11],0.0825
2025-05-01,Destructive Urge,ímpeto Destrutivo,destructive+urge,USG,A Saga de Urza,https://www.ligamagic.com.br/?view=cards/card&card=destructive+urge,[0.67 5.59 5.7  5.99 6.3  6.53 6.64 6.9 ],5.54
2025-05-01,Diabolic Servitude,Servidão Diabólica,diabolic+servitude,USG,A Saga de Urza,https://www.ligamagic.com.br/?view=cards/card&card=diabolic+servitude,[0.14 0.18 0.25 0.25 0.35 0.35 0.43 0.44],0.2987499999999999
2025-05-01,Disciple of Grace,Discípulo da Graça,disciple+of+grace,USG,A Saga de Urza,https://www.ligamagic.com.br/?view=cards/card&card=disciple+of+grace,[0.07 0.07 0.09 0.09 0.09 0.09 0.1  0.15],0.09375
2025-05-01,Disciple of Law,Discípulo da Lei,disciple+of+law,USG,A Saga de Urza,https://www.ligamagic.com.br/?view=cards/card&card=disciple+of+law,[0.09 0.09 0.1  0.11 0.12 0.18 0.25 0.3 ],0.155
2025-05-01,Discordant Dirge,Nênia Dissonante,discordant+dirge,USG,A Saga de Urza,https://www.ligamagic.com.br/?view=cards/card&card=discordant+dirge,[0.59 0.64 0.7  0.7  0.75 0.79 0.79 0.88],0.73
2025-05-01,Disenchant,Desencantar,disenchant,USG,A Saga de Urza,https://www.ligamagic.com.br/?view=cards/card&card=disenchant,[0.05 0.08 0.08 0.09 0.09 0.09 0.09 0.14],0.08875
2025-05-01,Disorder,Desordem,disorder,USG,A Saga de Urza,https://www.ligamagic.com.br/?view=cards/card&card=disorder,[0.2  0.23 0.25 0.25 0.25 0.27 0.27 0.27],0.24875
2025-05-01,Disruptive Student,Aluno Destruidor,disruptive+student,USG,A Saga de Urza,https://www.ligamagic.com.br/?view=cards/card&card=disruptive+student,[0.1  0.25 0.25 0.25 0.4  0.4  0.49 0.5 ],0.33
2025-05-01,Douse,Abafar,douse,USG,A Saga de Urza,https://www.ligamagic.com.br/?view=cards/card&card=douse,[0.53 0.56 0.63 0.64 0.75 0.85 0.9  0.93],0.7237500000000001
2025-05-01,Dragon Blood,Sangue de Dragão,dragon+blood,USG,A Saga de Urza,https://www.ligamagic.com.br/?view=cards/card&card=dragon+blood,[0.13 0.17 0.18 0.18 0.18 0.2  0.23 0.25],0.19
2025-05-01,Drifting Djinn,Gênio Errante,drifting+djinn,USG,A Saga de Urza,https://www.ligamagic.com.br/?view=cards/card&card=drifting+djinn,[135.     3.     9.9   10.51  10.99  10.99  14.75  14.99],26.26625
2025-05-01,Drifting Meadow,Campina Flutuante,drifting+meadow,USG,A Saga de Urza,https://www.ligamagic.com.br/?view=cards/card&card=drifting+meadow,[0.18 0.18 0.19 0.24 0.25 0.25 0.25 0.25],0.22375
2025-05-01,Dromosaur,Dromossauro,dromosaur,USG,A Saga de Urza,https://www.ligamagic.com.br/?view=cards/card&card=dromosaur,[0.08 0.08 0.09 0.09 0.09 0.1  0.11 0.11],0.09375
2025-05-01,Duress,Coergir,duress,USG,A Saga de Urza,https://www.ligamagic.com.br/?view=cards/card&card=duress,[],
2025-05-01,Eastern Paladin,Paladino do Leste,eastern+paladin,USG,A Saga de Urza,https://www.ligamagic.com.br/?view=cards/card&card=eastern+paladin,[0.8  0.99 1.05 1.5  1.94 2.   2.09 2.24],1.57625
2025-05-01,Electryte,Electrita,electryte,USG,A Saga de Urza,https://www.ligamagic.com.br/?view=cards/card&card=electryte,[0.45 0.5  0.51 0.57 0.72 0.75 0.81 0.86],0.64625
2025-05-01,Elite Archers,Arqueiros de Elite,elite+archers,USG,A Saga de Urza,https://www.ligamagic.com.br/?view=cards/card&card=elite+archers,[  0.39   0.75   0.99   1.16   1.28 145.     1.45 149.  ],37.502500000000005
2025-05-01,Elvish Herder,Elfo Boiadeiro,elvish+herder,USG,A Saga de Urza,https://www.ligamagic.com.br/?view=cards/card&card=elvish+herder,[3.59 4.03 4.25 4.47 4.49 4.75 4.9  4.9 ],4.422499999999999
2025-05-01,Elvish Lyrist,Elfo Lirista,elvish+lyrist,USG,A Saga de Urza,https://www.ligamagic.com.br/?view=cards/card&card=elvish+lyrist,[0.14 0.14 0.2  0.25 0.43 0.5  0.5  0.5 ],0.3325
2025-05-01,Enchantment Alteration,Alteração de Encantamento,enchantment+alteration,USG,A Saga de Urza,https://www.ligamagic.com.br/?view=cards/card&card=enchantment+alteration,[0.54 1.7  2.13 2.49 2.59 2.9  2.95 2.99],2.28625
2025-05-01,Endless Wurm,Vorme Interminável,endless+wurm,USG,A Saga de Urza,https://www.ligamagic.com.br/?view=cards/card&card=endless+wurm,[ 4.5   5.48  5.5  10.49 12.99 14.75 14.99 14.99],10.46125
2025-05-01,Endoskeleton,Endoesqueleto,endoskeleton,USG,A Saga de Urza,https://www.ligamagic.com.br/?view=cards/card&card=endoskeleton,[0.09 0.1  0.14 0.14 0.2  0.23 0.23 0.23],0.17
2025-05-01,Energy Field,Campo de Energia,energy+field,USG,A Saga de Urza,https://www.ligamagic.com.br/?view=cards/card&card=energy+field,[5.84 5.95 6.5  6.68 6.94 7.73 8.   8.09],6.9662500000000005
2025-05-01,Exhaustion,Exaustão,exhaustion,USG,A Saga de Urza,https://www.ligamagic.com.br/?view=cards/card&card=exhaustion,[  1.35   1.35   1.43 148.   149.     1.5    1.71   1.75],38.26125
2025-05-01,Exhume,Exumar,exhume,USG,A Saga de Urza,https://www.ligamagic.com.br/?view=cards/card&card=exhume,[21.5  22.99 24.9  26.75 27.12 27.19 28.   28.9 ],25.91875
2025-05-01,Exploration,Exploração,exploration,USG,A Saga de Urza,https://www.ligamagic.com.br/?view=cards/card&card=exploration,[252.7  259.9  293.63 314.99 316.35 320.   349.99 468.99],322.06875
2025-05-01,Expunge,Expungir,expunge,USG,A Saga de Urza,https://www.ligamagic.com.br/?view=cards/card&card=expunge,[0.07 0.09 0.14 0.14 0.14 0.18 0.2  0.23],0.14875
2025-05-01,Faith Healer,Curandeiro da Fé,faith+healer,USG,A Saga de Urza,https://www.ligamagic.com.br/?view=cards/card&card=faith+healer,[6.99 8.   8.09 8.55 8.9  8.95 8.99 9.  ],8.43375
2025-05-01,Falter,Vacilar,falter,USG,A Saga de Urza,https://www.ligamagic.com.br/?view=cards/card&card=falter,[0.08 0.09 0.09 0.09 0.1  0.1  0.11 0.11],0.09625
2025-05-01,Fault Line,Paráclase,fault+line,USG,A Saga de Urza,https://www.ligamagic.com.br/?view=cards/card&card=fault+line,[ 6.95  9.5   9.95 11.73 12.5  12.95 12.99 13.49],11.2575
2025-05-01,Fecundity,Fecundidade,fecundity,USG,A Saga de Urza,https://www.ligamagic.com.br/?view=cards/card&card=fecundity,[  0.9  141.     1.35   2.     2.04   2.09   2.49   2.54],19.30125
2025-05-01,Fertile Ground,Solo Fértil,fertile+ground,USG,A Saga de Urza,https://www.ligamagic.com.br/?view=cards/card&card=fertile+ground,[0.48 0.48 0.5  0.5  0.59 0.6  0.6  0.74],0.56125
2025-05-01,Fiery Mantle,Manto Flamejante,fiery+mantle,USG,A Saga de Urza,https://www.ligamagic.com.br/?view=cards/card&card=fiery+mantle,[0.09 0.09 0.09 0.11 0.11 0.11 0.12 0.13],0.10625
2025-05-01,Fire Ants,Formigas de Fogo,fire+ants,USG,A Saga de Urza,https://www.ligamagic.com.br/?view=cards/card&card=fire+ants,[0.08 0.25 0.25 0.25 0.32 0.35 0.36 0.41],0.28375
2025-05-01,Flesh Reaver,Dilacerador de Carne,flesh+reaver,USG,A Saga de Urza,https://www.ligamagic.com.br/?view=cards/card&card=flesh+reaver,[0.18 0.48 0.5  0.59 0.65 1.   1.5  2.03],0.86625
2025-05-01,Fluctuator,Flutuador,fluctuator,USG,A Saga de Urza,https://www.ligamagic.com.br/?view=cards/card&card=fluctuator,[ 7.99 14.94 19.74 19.9  22.   22.5  29.9  37.91],21.86
2025-05-01,Fog Bank,Banco de Nevoeiro,fog+bank,USG,A Saga de Urza,https://www.ligamagic.com.br/?view=cards/card&card=fog+bank,[0.39 0.4  0.45 0.75 0.75 0.75 0.35 0.9 ],0.5925
2025-05-01,Forest,Floresta,forest,USG,A Saga de Urza,https://www.ligamagic.com.br/?view=cards/card&card=forest,[],0.0
2025-05-01,Fortitude,Fortitude,fortitude,USG,A Saga de Urza,https://www.ligamagic.com.br/?view=cards/card&card=fortitude,[0.09 0.11 0.13 0.15 0.2  0.2  0.2  0.25],0.16625
2025-05-01,Gaea's Bounty,Prêmio de Géia,gaea's+bounty,USG,A Saga de Urza,https://www.ligamagic.com.br/?view=cards/card&card=gaea's+bounty,[0.09 0.09 0.09 0.11 0.11 0.14 0.15 0.16],0.1175
2025-05-01,Gaea's Cradle,Berço de Géia,gaea's+cradle,USG,A Saga de Urza,https://www.ligamagic.com.br/?view=cards/card&card=gaea's+cradle,[2699.98 2999.9  3199.   3325.   3654.   3860.   3908.32 3917.55],3445.46875
2025-05-01,Gaea's Embrace,Abraço de Géia,gaea's+embrace,USG,A Saga de Urza,https://www.ligamagic.com.br/?view=cards/card&card=gaea's+embrace,[125.   125.     1.26   1.26 139.     1.43   1.7    1.7 ],49.54375
2025-05-01,Gamble,Transação Aleatória,gamble,USG,A Saga de Urza,https://www.ligamagic.com.br/?view=cards/card&card=gamble,[46.12 49.75 49.9  49.9  50.   50.   52.73 52.9 ],50.1625
2025-05-01,Gilded Drake,Dragonete Engalanado,gilded+drake,USG,A Saga de Urza,https://www.ligamagic.com.br/?view=cards/card&card=gilded+drake,[640.   649.99 699.75 699.99 799.   799.9  800.   805.49],736.7650000000001
2025-05-01,Glorious Anthem,Antífona Gloriosa,glorious+anthem,USG,A Saga de Urza,https://www.ligamagic.com.br/?view=cards/card&card=glorious+anthem,[ 2.85 14.63 18.  ],11.826666666666668
2025-05-01,Goblin Cadets,Cadetes Goblins,goblin+cadets,USG,A Saga de Urza,https://www.ligamagic.com.br/?view=cards/card&card=goblin+cadets,[1.04 1.2  1.62 1.64 1.69 1.69 1.93 1.93],1.5925
2025-05-01,Goblin Lackey,Lacaio Goblin,goblin+lackey,USG,A Saga de Urza,https://www.ligamagic.com.br/?view=cards/card&card=goblin+lackey,[ 93.   104.9  104.95 115.95 117.   124.9  134.9  142.45],117.25625
2025-05-01,Goblin Matron,Matrona Goblin,goblin+matron,USG,A Saga de Urza,https://www.ligamagic.com.br/?view=cards/card&card=goblin+matron,[2.95 3.   3.3  3.9  3.99 4.5  4.79 4.9 ],3.91625
2025-05-01,Goblin Offensive,Ofensiva de Goblins,goblin+offensive,USG,A Saga de Urza,https://www.ligamagic.com.br/?view=cards/card&card=goblin+offensive,[2.85 3.05 4.25 4.28 6.09 6.37 7.99 9.99],5.608750000000001
2025-05-01,Goblin Patrol,Patrulha de Goblins,goblin+patrol,USG,A Saga de Urza,https://www.ligamagic.com.br/?view=cards/card&card=goblin+patrol,[0.09 0.15 0.16 0.19 0.24 0.24 0.25 0.25],0.1962499999999999
2025-05-01,Goblin Raider,Goblin Salteador,goblin+raider,USG,A Saga de Urza,https://www.ligamagic.com.br/?view=cards/card&card=goblin+raider,[0.07 0.08 0.09 0.09 0.09 0.09 0.09 0.11],0.08875
2025-05-01,Goblin Spelunkers,Goblins Espeleólogos,goblin+spelunkers,USG,A Saga de Urza,https://www.ligamagic.com.br/?view=cards/card&card=goblin+spelunkers,[0.06 0.06 0.09 0.09 0.09 0.09 0.09 0.09],0.0824999999999999
2025-05-01,Goblin War Buggy,Carro de Guerra dos Goblins,goblin+war+buggy,USG,A Saga de Urza,https://www.ligamagic.com.br/?view=cards/card&card=goblin+war+buggy,[0.09 0.09 0.09 0.09 0.09 0.1  0.11 0.11],0.09625
2025-05-01,Gorilla Warrior,Gorila Guerreiro,gorilla+warrior,USG,A Saga de Urza,https://www.ligamagic.com.br/?view=cards/card&card=gorilla+warrior,[0.03 0.03 0.05 0.06 0.09 0.09 0.09 0.1 ],0.0675
2025-05-01,Grafted Skullcap,Solidéu Enxertado,grafted+skullcap,USG,A Saga de Urza,https://www.ligamagic.com.br/?view=cards/card&card=grafted+skullcap,[1.   1.44 1.5  1.95 2.   2.79 2.99 2.99],2.0825
2025-05-01,Greater Good,Bem Maior,greater+good,USG,A Saga de Urza,https://www.ligamagic.com.br/?view=cards/card&card=greater+good,[22.94 28.04 39.92 42.11 42.73 42.9  43.27 46.  ],38.48875
2025-05-01,Great Whale,Baleia Açu,great+whale,USG,A Saga de Urza,https://www.ligamagic.com.br/?view=cards/card&card=great+whale,[52.9  55.   59.9  59.9  59.95 59.95 59.98 60.  ],58.4475
2025-05-01,Greener Pastures,Pastagens Verdejantes,greener+pastures,USG,A Saga de Urza,https://www.ligamagic.com.br/?view=cards/card&card=greener+pastures,[  0.94   0.95   0.96   0.99   1.     1.18   1.35 141.  ],18.54625
2025-05-01,Guma,Guma,guma,USG,A Saga de Urza,https://www.ligamagic.com.br/?view=cards/card&card=guma,[0.06 0.18 0.18 0.23 0.24 0.25 0.27 0.27],0.21
2025-05-01,Hawkeater Moth,Mariposa Falconívora,hawkeater+moth,USG,A Saga de Urza,https://www.ligamagic.com.br/?view=cards/card&card=hawkeater+moth,[0.18 0.18 0.19 0.19 0.2  0.2  0.2  0.23],0.19625
2025-05-01,Headlong Rush,Investida Arrojada,headlong+rush,USG,A Saga de Urza,https://www.ligamagic.com.br/?view=cards/card&card=headlong+rush,[0.09 0.09 0.09 0.09 0.11 0.11 0.11 0.11],0.1
2025-05-01,Healing Salve,Bálsamo Restaurador,healing+salve,USG,A Saga de Urza,https://www.ligamagic.com.br/?view=cards/card&card=healing+salve,[0.09 0.09 0.09 0.09 0.09 0.1  0.11 0.11],0.09625
2025-05-01,Heat Ray,Raio de Calor,heat+ray,USG,A Saga de Urza,https://www.ligamagic.com.br/?view=cards/card&card=heat+ray,[0.05 0.07 0.09 0.09 0.09 0.09 0.1  0.1 ],0.0849999999999999
2025-05-01,Herald of Serra,Arauto de Serra,herald+of+serra,USG,A Saga de Urza,https://www.ligamagic.com.br/?view=cards/card&card=herald+of+serra,[ 8.5   9.5   9.9   9.9  10.34 10.49 10.5  10.8 ],9.99125
2025-05-01,Hermetic Study,Estudo Hermético,hermetic+study,USG,A Saga de Urza,https://www.ligamagic.com.br/?view=cards/card&card=hermetic+study,[0.08 0.09 0.09 0.09 0.09 0.11 0.18 0.18],0.11375
2025-05-01,Hibernation,Hibernação,hibernation,USG,A Saga de Urza,https://www.ligamagic.com.br/?view=cards/card&card=hibernation,[1.57 1.79 2.9  3.09 3.4  4.59 4.78 5.  ],3.390000000000001
2025-05-01,Hidden Ancients,Anciões Escondidos,hidden+ancients,USG,A Saga de Urza,https://www.ligamagic.com.br/?view=cards/card&card=hidden+ancients,[0.04 0.14 0.14 0.2  0.23 0.23 0.24 0.3 ],0.19
2025-05-01,Hidden Guerrillas,Guerrilheiros Escondidos,hidden+guerrillas,USG,A Saga de Urza,https://www.ligamagic.com.br/?view=cards/card&card=hidden+guerrillas,[0.27 0.36 0.36 0.36 0.41 0.41 0.45 0.45],0.38375
2025-05-01,Hidden Herd,Rebanho Escondido,hidden+herd,USG,A Saga de Urza,https://www.ligamagic.com.br/?view=cards/card&card=hidden+herd,[0.79 0.9  1.3  1.44 1.5  1.5  1.75 1.75],1.36625
2025-05-01,Hidden Predators,Predadores Escondidos,hidden+predators,USG,A Saga de Urza,https://www.ligamagic.com.br/?view=cards/card&card=hidden+predators,[  0.75   0.3    0.81   0.95   0.99   1.     1.17 125.  ],16.37125
2025-05-01,Hidden Spider,Aranha Escondida,hidden+spider,USG,A Saga de Urza,https://www.ligamagic.com.br/?view=cards/card&card=hidden+spider,[0.45 0.48 0.55 0.68 0.35 0.85 0.9  0.95],0.65125
2025-05-01,Hidden Stag,Cervo Escondido,hidden+stag,USG,A Saga de Urza,https://www.ligamagic.com.br/?view=cards/card&card=hidden+stag,[0.36 0.5  0.54 0.63 0.7  0.86 0.89 0.9 ],0.6725
2025-05-01,Hollow Dogs,Cães Ôcos,hollow+dogs,USG,A Saga de Urza,https://www.ligamagic.com.br/?view=cards/card&card=hollow+dogs,[0.06 0.07 0.08 0.09 0.11 0.11 0.11 0.11],0.0925
2025-05-01,Hopping Automaton,Autômato Pulador,hopping+automaton,USG,A Saga de Urza,https://www.ligamagic.com.br/?view=cards/card&card=hopping+automaton,[0.09 0.09 0.1  0.13 0.14 0.18 0.18 0.18],0.1362499999999999
2025-05-01,Horseshoe Crab,Caranguejo Ferradura,horseshoe+crab,USG,A Saga de Urza,https://www.ligamagic.com.br/?view=cards/card&card=horseshoe+crab,[0.07 0.08 0.09 0.09 0.11 0.14 0.14 0.18],0.1125
2025-05-01,Humble,Modéstia,humble,USG,A Saga de Urza,https://www.ligamagic.com.br/?view=cards/card&card=humble,[0.08 0.1  0.11 0.14 0.15 0.16 0.18 0.18],0.1374999999999999
2025-05-01,Hush,Quietude,hush,USG,A Saga de Urza,https://www.ligamagic.com.br/?view=cards/card&card=hush,[0.17 0.18 0.18 0.18 0.2  0.2  0.23 0.24],0.1975
2025-05-01,Ill-Gotten Gains,Ganhos Mal Adquiridos,ill-gotten+gains,USG,A Saga de Urza,https://www.ligamagic.com.br/?view=cards/card&card=ill-gotten+gains,[ 6.6   9.78 10.74 10.99 11.   14.84 29.99 34.99],16.11625
2025-05-01,Imaginary Pet,Mascote Imaginário,imaginary+pet,USG,A Saga de Urza,https://www.ligamagic.com.br/?view=cards/card&card=imaginary+pet,[  0.96   0.99 109.     1.12   1.13   1.24   1.25   1.27],14.62
2025-05-01,Intrepid Hero,Herói Intrépido,intrepid+hero,USG,A Saga de Urza,https://www.ligamagic.com.br/?view=cards/card&card=intrepid+hero,[ 7.    7.34 19.99 19.99 24.75 24.99],17.34333333333333
2025-05-01,Island,Ilha,island,USG,A Saga de Urza,https://www.ligamagic.com.br/?view=cards/card&card=island,[],0.0
2025-05-01,Jagged Lightning,Raio Repartido,jagged+lightning,USG,A Saga de Urza,https://www.ligamagic.com.br/?view=cards/card&card=jagged+lightning,[0.08 0.1  0.14 0.18 0.18 0.18 0.19 0.2 ],0.15625
2025-05-01,"Karn, Silver Golem","Karn, Golem de Prata","karn,+silver+golem",USG,A Saga de Urza,"https://www.ligamagic.com.br/?view=cards/card&card=karn,+silver+golem",[44.96 47.5  47.5  43.9  49.99 50.35 54.93 56.8 ],49.49125
2025-05-01,Launch,Lançar,launch,USG,A Saga de Urza,https://www.ligamagic.com.br/?view=cards/card&card=launch,[0.09 0.1  0.14 0.14 0.14 0.15 0.15 0.17],0.135
2025-05-01,Lay Waste,Assolar,lay+waste,USG,A Saga de Urza,https://www.ligamagic.com.br/?view=cards/card&card=lay+waste,[0.09 0.09 0.1  0.11 0.11 0.13 0.13 0.14],0.1125
2025-05-01,Lifeline,Linha Vital,lifeline,USG,A Saga de Urza,https://www.ligamagic.com.br/?view=cards/card&card=lifeline,[40.8  45.91 54.15 57.   57.   57.5  53.   58.7 ],53.0075
2025-05-01,Lightning Dragon,Dragão do Relâmpago,lightning+dragon,USG,A Saga de Urza,https://www.ligamagic.com.br/?view=cards/card&card=lightning+dragon,[ 9.75 11.88 11.98 12.95 13.83 14.   14.   14.  ],12.79875
2025-05-01,Lilting Refrain,Refrão Cadenciado,lilting+refrain,USG,A Saga de Urza,https://www.ligamagic.com.br/?view=cards/card&card=lilting+refrain,[0.1  0.25 0.3  0.39 0.43 0.5  0.5  0.5 ],0.3712499999999999
2025-05-01,Lingering Mirage,Miragem Duradoura,lingering+mirage,USG,A Saga de Urza,https://www.ligamagic.com.br/?view=cards/card&card=lingering+mirage,[0.25 0.25 0.25 0.29 0.32 0.35 0.35 0.35],0.30125
2025-05-01,Looming Shade,Vulto Indistinto,looming+shade,USG,A Saga de Urza,https://www.ligamagic.com.br/?view=cards/card&card=looming+shade,[0.04 0.09 0.09 0.09 0.09 0.09 0.09 0.09],0.0837499999999999
2025-05-01,Lotus Blossom,Flor de Lótus,lotus+blossom,USG,A Saga de Urza,https://www.ligamagic.com.br/?view=cards/card&card=lotus+blossom,[2.39 2.53 4.95 5.6  5.93 6.   6.   6.  ],4.925
2025-05-01,Lull,Calmaria,lull,USG,A Saga de Urza,https://www.ligamagic.com.br/?view=cards/card&card=lull,[0.05 0.09 0.1  0.14 0.15 0.18 0.2  0.25],0.145
2025-05-01,Lurking Evil,Perversidade Furtiva,lurking+evil,USG,A Saga de Urza,https://www.ligamagic.com.br/?view=cards/card&card=lurking+evil,[  0.27   0.9    0.9    1.     1.   108.   125.   134.  ],46.38375
2025-05-01,Mana Leech,Sanguessuga de Mana,mana+leech,USG,A Saga de Urza,https://www.ligamagic.com.br/?view=cards/card&card=mana+leech,[0.18 0.2  0.23 0.23 0.24 0.25 0.25 0.27],0.23125
2025-05-01,Meltdown,Fusão,meltdown,USG,A Saga de Urza,https://www.ligamagic.com.br/?view=cards/card&card=meltdown,[ 4.28  5.09  6.65  8.99  9.6   9.95 10.2  12.  ],8.345
2025-05-01,Metrognome,Metrognomo,metrognome,USG,A Saga de Urza,https://www.ligamagic.com.br/?view=cards/card&card=metrognome,[  0.61   0.7    0.75   0.95 125.     1.25 139.     1.44],33.7125
2025-05-01,Midsummer Revel,Festa do Solstício de Verão,midsummer+revel,USG,A Saga de Urza,https://www.ligamagic.com.br/?view=cards/card&card=midsummer+revel,[0.77 0.9  0.95 0.95 0.99 1.   1.   1.1 ],0.9575
2025-05-01,Mishra's Helix,Hélice de Mishra,mishra's+helix,USG,A Saga de Urza,https://www.ligamagic.com.br/?view=cards/card&card=mishra's+helix,[ 4.95  5.    9.95 11.99 12.74 12.9  14.99 15.  ],10.94
2025-05-01,Mobile Fort,Forte Móvel,mobile+fort,USG,A Saga de Urza,https://www.ligamagic.com.br/?view=cards/card&card=mobile+fort,[0.1  0.14 0.15 0.2  0.2  0.22 0.23 0.24],0.185
2025-05-01,Monk Idealist,Monge Idealista,monk+idealist,USG,A Saga de Urza,https://www.ligamagic.com.br/?view=cards/card&card=monk+idealist,[0.3  0.38 0.39 0.47 0.48 0.49 0.49 0.49],0.43625
2025-05-01,Monk Realist,Monge Realista,monk+realist,USG,A Saga de Urza,https://www.ligamagic.com.br/?view=cards/card&card=monk+realist,[0.11 0.18 0.18 0.18 0.25 0.25 0.25 0.25],0.20625
2025-05-01,Morphling,Morfolídeo,morphling,USG,A Saga de Urza,https://www.ligamagic.com.br/?view=cards/card&card=morphling,[45.   47.5  54.99 55.   59.5  59.99 64.99 65.  ],56.49625
2025-05-01,Mountain,Montanha,mountain,USG,A Saga de Urza,https://www.ligamagic.com.br/?view=cards/card&card=mountain,[],0.0
2025-05-01,Noetic Scales,Escalas Poéticas,noetic+scales,USG,A Saga de Urza,https://www.ligamagic.com.br/?view=cards/card&card=noetic+scales,[14.5  17.   19.   19.   19.9  21.   21.24 21.5 ],19.1425
2025-05-01,No Rest for the Wicked,Sem Descanso para o Mal,no+rest+for+the+wicked,USG,A Saga de Urza,https://www.ligamagic.com.br/?view=cards/card&card=no+rest+for+the+wicked,[2.09 2.09 2.11 2.31 2.54 2.57 2.67 2.78],2.3949999999999996
